mika;mika12;mika;1234;mika@gmail.com;1234;M;LEKAR;False
pera;pera;peric;1234;pera@mgmail.com;1234;M;ADMINISTRATOR;False
laza;laza;lazic;1234;laza@gmail.com;1234;M;LEKAR;True
zika;zika;zika;;zika@gmail.com;;M;LEKAR;True
jelena;jelena123242;jelic;;jelena@gmail.com;;M;LEKAR;True
pera12;pera12;peric;;pera@gmail.com;;M;LEKAR;True
nina;nina;ninic;;nina@gmail.com;;M;LEKAR;True
iva123;Iva;Ivkovic;1234;iva123@gmail.com;1234;M;LEKAR;True
